champion,role,kills,deaths,assists,gold,win
Aatrox,adc,6.0,5.625,6.5,11378.5,0.5
Aatrox,jg,4.98639455782,5.6462585034,5.7074829932,10830.7346939,0.428571428571
Aatrox,mid,3.7,5.15,4.05,7653.85,0.35
Aatrox,sup,3.6,6.8,10.2,10673.0,0.2
Aatrox,top,5.27010309278,6.04329896907,5.1175257732,11593.1752577,0.496907216495
Ahri,adc,5.53913043478,5.0347826087,7.26086956522,11348.226087,0.495652173913
Ahri,jg,5.57510729614,4.79399141631,6.83690987124,10198.4420601,0.523605150215
Ahri,mid,6.16073320619,4.849544395,7.04969273151,11662.9196864,0.518753973299
Ahri,sup,2.6,5.86666666667,9.06666666667,9104.8,0.333333333333
Ahri,top,5.09756097561,5.26829268293,6.5243902439,11879.8414634,0.353658536585
Akali,adc,8.52631578947,6.94736842105,5.15789473684,11478.3157895,0.473684210526
Akali,jg,7.53465346535,6.0099009901,5.84158415842,10993.029703,0.425742574257
Akali,mid,7.89840348331,6.10595065312,5.13788098694,11405.8243832,0.505079825835
Akali,sup,7.5,8.0,10.5,11811.25,0.75
Akali,top,7.26952141058,5.89252728799,4.86481947943,11835.2670025,0.51973131822
Alistar,jg,2.2972972973,5.39189189189,11.4054054054,7787.02702703,0.459459459459
Alistar,mid,1.36904761905,3.72619047619,7.7380952381,5851.7797619,0.428571428571
Alistar,sup,1.56077669903,5.34640776699,12.8768932039,8550.5592233,0.48
Alistar,top,2.4,4.6,7.2,10068.8666667,0.333333333333
Amumu,jg,4.44278606965,5.36218905473,9.37412935323,10869.3502488,0.459701492537
Amumu,mid,1.61538461538,5.76923076923,4.92307692308,6058.0,0.153846153846
Amumu,sup,3.33333333333,6.81481481481,12.1481481481,10125.8888889,0.518518518519
Amumu,top,3.70588235294,6.41176470588,6.11764705882,9550.17647059,0.176470588235
Anivia,adc,5.17073170732,4.14634146341,7.14634146341,11361.6829268,0.512195121951
Anivia,jg,5.06338028169,3.31690140845,5.83802816901,10236.7887324,0.591549295775
Anivia,mid,5.57152875175,4.3278401122,6.91514726508,11755.2720898,0.519985974755
Anivia,sup,2.87640449438,6.4606741573,9.80898876404,9758.59550562,0.370786516854
Anivia,top,4.96153846154,4.34065934066,7.16758241758,11616.9230769,0.574175824176
Annie,adc,6.94845360825,5.87628865979,7.87628865979,12251.6701031,0.567010309278
Annie,jg,6.34899328859,5.63087248322,6.6711409396,10017.4630872,0.476510067114
Annie,mid,6.47255689424,5.31224899598,6.96184738956,11330.45917,0.526773761714
Annie,sup,3.76205787781,7.0192926045,10.0900321543,9727.22186495,0.466237942122
Annie,top,5.62310606061,5.20454545455,6.55871212121,11375.2405303,0.517045454545
Ashe,adc,4.55488358028,5.59918355005,8.38237072876,11625.9573632,0.482007862111
Ashe,jg,2.2380952381,3.14285714286,4.14285714286,5370.42857143,0.357142857143
Ashe,mid,2.53937947494,4.34128878282,4.89260143198,6947.7326969,0.365155131265
Ashe,sup,1.65405405405,5.78378378378,10.227027027,8512.52432432,0.372972972973
Ashe,top,2.33333333333,5.66666666667,7.0,8824.66666667,0.333333333333
Aurelion Sol,adc,4.42857142857,5.14285714286,6.67857142857,10544.4642857,0.285714285714
Aurelion Sol,jg,7.22256097561,4.46036585366,8.87195121951,12054.9603659,0.542682926829
Aurelion Sol,mid,6.78786020846,4.53157572042,8.18209687308,12002.619252,0.555487431024
Aurelion Sol,sup,3.39130434783,5.5652173913,9.4347826087,9411.17391304,0.521739130435
Aurelion Sol,top,5.55882352941,4.23529411765,5.91176470588,11564.2647059,0.470588235294
Azir,adc,4.90625,6.78125,7.6875,11795.46875,0.5
Azir,jg,5.46666666667,5.13333333333,5.93333333333,10584.5333333,0.333333333333
Azir,mid,5.08579599619,5.38703527169,6.03622497617,11526.3317445,0.449952335558
Azir,sup,3.2,9.6,9.8,11612.6,0.2
Azir,top,5.23076923077,5.53846153846,4.76923076923,12010.4615385,0.461538461538
Bard,adc,4.27272727273,4.36363636364,8.54545454545,10412.0909091,0.545454545455
Bard,jg,2.43617021277,5.06382978723,10.8404255319,7641.39361702,0.531914893617
Bard,mid,1.0,1.88489208633,2.91366906475,3461.1942446,0.41726618705
Bard,sup,2.3614800759,5.49596774194,13.2986242884,9240.74810247,0.480787476281
Bard,top,4.89361702128,4.68085106383,7.72340425532,10742.4042553,0.468085106383
Blitzcrank,adc,11.0,4.0,8.0,11327.0,1.0
Blitzcrank,jg,2.29743589744,5.78461538462,11.158974359,7956.98974359,0.461538461538
Blitzcrank,mid,1.6641221374,3.61323155216,8.46055979644,6684.09923664,0.517811704835
Blitzcrank,sup,2.21632155907,5.47028014616,12.4364190012,8944.84945189,0.519366626066
Blitzcrank,top,2.42857142857,5.14285714286,5.28571428571,7925.0,0.142857142857
Brand,adc,5.625,5.75,6.625,10347.475,0.375
Brand,jg,5.5404040404,5.87373737374,6.42929292929,9929.06060606,0.469696969697
Brand,mid,5.24946921444,5.45329087049,6.73142250531,10134.9713376,0.493630573248
Brand,sup,4.03947012706,7.15896188159,9.47607461476,10130.514193,0.477426331441
Brand,top,5.06382978723,6.20212765957,7.15957446809,11329.5957447,0.531914893617
Braum,adc,4.0,7.0,4.0,8153.0,0.0
Braum,jg,1.2,3.7652173913,9.68695652174,6573.06086957,0.55652173913
Braum,mid,1.19072164948,3.38144329897,8.94845360825,6251.17010309,0.453608247423
Braum,sup,1.27905531386,4.97917961467,13.7983219391,8683.38440025,0.49906774394
Braum,top,1.8,4.2,8.8,8152.6,0.6
Caitlyn,adc,5.35015490944,5.35241897045,7.09920162059,12170.827276,0.494756911344
Caitlyn,jg,3.77586206897,3.5,4.60344827586,7915.79310345,0.456896551724
Caitlyn,mid,2.74606505771,3.4480587618,3.66316894019,6779.34942288,0.477439664218
Caitlyn,sup,1.8,6.0,5.0,6476.2,0.2
Caitlyn,top,3.5,5.08333333333,6.0,10033.1666667,0.333333333333
Camille,adc,9.10526315789,6.84210526316,8.47368421053,12675.5789474,0.578947368421
Camille,jg,6.91161616162,6.22474747475,7.29545454545,11025.3535354,0.472222222222
Camille,mid,6.32862190813,5.78445229682,6.34628975265,10380.6501767,0.501766784452
Camille,sup,2.53305785124,6.40495867769,11.7272727273,8882.29338843,0.5
Camille,top,6.39429124335,5.75810353169,5.97726173198,11326.5478955,0.526850507983
Cassiopeia,adc,6.57534246575,6.00684931507,7.08219178082,12173.0890411,0.5
Cassiopeia,jg,5.80808080808,4.94949494949,4.9797979798,9933.61616162,0.494949494949
Cassiopeia,mid,6.10072327886,5.56147870346,6.14036967586,11660.3688722,0.491293865524
Cassiopeia,sup,4.0,7.07142857143,8.64285714286,9471.0,0.571428571429
Cassiopeia,top,5.49222797927,6.0,5.43005181347,11628.9222798,0.518134715026
Cho'Gath,adc,6.83333333333,4.5,6.66666666667,10529.0,0.5
Cho'Gath,jg,5.20930232558,4.52558139535,6.63720930233,10774.8976744,0.427906976744
Cho'Gath,mid,6.17667844523,5.01766784452,5.3074204947,11241.1696113,0.420494699647
Cho'Gath,sup,3.57142857143,6.07142857143,9.5,10514.8571429,0.5
Cho'Gath,top,4.62611275964,5.12166172107,5.33234421365,11230.7566766,0.391691394659
Corki,adc,5.97854785479,5.65676567657,7.23597359736,12025.2161716,0.460396039604
Corki,jg,6.87951807229,6.06024096386,5.78313253012,10695.6144578,0.409638554217
Corki,mid,6.79461077844,5.61017964072,6.775249501,12093.8325349,0.486027944112
Corki,sup,3.75,7.125,10.625,9823.0,0.375
Corki,top,6.42168674699,6.3734939759,6.06024096386,12106.6626506,0.457831325301
Darius,adc,7.41176470588,5.32352941176,4.79411764706,11415.0882353,0.558823529412
Darius,jg,5.23157894737,5.07368421053,4.33684210526,9328.57894737,0.410526315789
Darius,mid,6.20118343195,5.7100591716,4.95266272189,10582.0414201,0.426035502959
Darius,sup,5.81818181818,7.18181818182,7.72727272727,11114.0909091,0.272727272727
Darius,top,6.03776884071,5.47368421053,4.88249694002,11478.1213499,0.507081657632
Diana,adc,5.33333333333,5.0,6.55555555556,10439.0,0.444444444444
Diana,jg,6.35111111111,5.8,6.36,11466.8222222,0.404444444444
Diana,mid,6.27598072953,5.60770818995,5.63661390227,11571.3620096,0.476944253269
Diana,sup,4.57142857143,6.42857142857,7.0,9818.28571429,0.285714285714
Diana,top,5.54301075269,5.81182795699,6.4435483871,11644.7392473,0.518817204301
Dr. Mundo,adc,6.5,2.5,8.5,10973.0,1.0
Dr. Mundo,jg,4.8031496063,5.43307086614,7.20472440945,11078.3858268,0.48031496063
Dr. Mundo,mid,3.0,4.86666666667,7.0,8569.46666667,0.133333333333
Dr. Mundo,sup,2.40909090909,6.40909090909,8.68181818182,8993.54545455,0.409090909091
Dr. Mundo,top,3.85166240409,5.15856777494,6.04859335038,10925.1355499,0.452685421995
Draven,adc,6.84352149751,6.00190114068,6.23369406259,13173.4507166,0.520912547529
Draven,jg,5.36263736264,3.97802197802,3.92307692308,9668.92307692,0.571428571429
Draven,mid,4.13555992141,4.21611001965,3.6463654224,8226.35952849,0.510805500982
Draven,top,6.03225806452,5.61290322581,4.83870967742,12959.0967742,0.451612903226
Ekko,adc,6.28571428571,5.69642857143,6.53571428571,12265.4285714,0.535714285714
Ekko,jg,6.56445993031,5.35540069686,6.1637630662,11314.8013937,0.468641114983
Ekko,mid,6.67051905921,5.51540957015,5.70397404704,11857.073601,0.500202757502
Ekko,sup,3.23529411765,6.35294117647,9.94117647059,8941.29411765,0.411764705882
Ekko,top,5.5945083014,5.48659003831,5.73627075351,11629.7643678,0.48275862069
Elise,adc,1.0,8.0,3.0,7103.0,0.0
Elise,jg,6.45713417106,5.48216457236,7.42744223754,11224.2995541,0.491183623835
Elise,mid,1.89189189189,2.24324324324,3.21621621622,4980.86486486,0.459459459459
Elise,sup,5.58986175115,6.13824884793,8.24423963134,10749.0,0.451612903226
Elise,top,4.86363636364,4.95454545455,4.54545454545,8827.31818182,0.5
Evelynn,jg,7.75895567699,5.5977534912,7.92562234366,11613.273224,0.469034608379
Evelynn,mid,4.48387096774,4.06451612903,4.45161290323,7735.96774194,0.387096774194
Evelynn,sup,8.0,6.18518518519,7.87037037037,11723.6296296,0.5
Evelynn,top,7.55555555556,5.66666666667,8.22222222222,12552.0,0.666666666667
Ezreal,adc,5.90357590093,4.88738926766,7.68470850146,12021.3791104,0.477250591345
Ezreal,jg,4.78947368421,4.18421052632,5.17763157895,8772.23684211,0.427631578947
Ezreal,mid,3.74512353706,3.89856957087,4.7288686606,7955.15019506,0.444733420026
Ezreal,sup,4.42,6.74,9.1,10036.68,0.3
Ezreal,top,5.91666666667,6.5,5.79166666667,12163.4583333,0.5
Fiddlesticks,adc,4.0,5.5,5.5,8639.5,0.5
Fiddlesticks,jg,5.48565965583,5.70745697897,8.34799235182,10773.3422562,0.48948374761
Fiddlesticks,mid,4.96875,5.51041666667,7.31944444444,9874.87847222,0.527777777778
Fiddlesticks,sup,3.71846153846,7.08461538462,10.7215384615,9917.53076923,0.510769230769
Fiddlesticks,top,4.6,6.32,6.96,10675.64,0.36
Fiora,adc,6.875,5.375,3.6875,11705.1875,0.4375
Fiora,jg,5.01,4.84,4.45,9204.46,0.43
Fiora,mid,5.31313131313,5.50505050505,4.69696969697,9818.55555556,0.484848484848
Fiora,sup,3.66666666667,8.0,6.33333333333,8438.33333333,0.333333333333
Fiora,top,5.92508710801,5.81567944251,4.30963995354,11698.6833914,0.492566782811
Fizz,adc,9.28888888889,5.91111111111,6.53333333333,12493.5555556,0.511111111111
Fizz,jg,7.49685534591,5.49056603774,5.11949685535,10749.6666667,0.408805031447
Fizz,mid,8.12733293197,5.62251655629,5.23329319687,11736.1974714,0.513546056592
Fizz,sup,4.92,6.48,5.96,8945.6,0.36
Fizz,top,6.60014673514,5.10198092443,5.48862802641,11470.1775495,0.523110785033
Galio,adc,4.0,5.5,7.5,8810.75,0.5
Galio,jg,4.45351473923,4.97959183673,9.74376417234,10714.2131519,0.469387755102
Galio,mid,4.39634146341,4.99390243902,9.5243902439,10545.699187,0.49593495935
Galio,sup,2.00896860987,5.7869955157,12.1479820628,9035.84977578,0.493273542601
Galio,top,3.56273764259,5.0937896071,8.9391634981,10717.3219265,0.476552598226
Gangplank,adc,5.79069767442,4.60465116279,9.20930232558,13923.0697674,0.651162790698
Gangplank,jg,4.93023255814,4.67441860465,5.04651162791,9980.79069767,0.418604651163
Gangplank,mid,5.7143597719,4.63815448419,7.53084499741,13471.3851737,0.470191809228
Gangplank,sup,4.09523809524,6.2380952381,9.04761904762,11015.9047619,0.238095238095
Gangplank,top,5.18172377985,5.10114226376,7.35472481828,13370.8377985,0.486812045691
Garen,adc,7.92857142857,5.0,4.14285714286,10052.7142857,0.642857142857
Garen,jg,5.92727272727,5.36363636364,4.45454545455,9801.2,0.454545454545
Garen,mid,5.96,4.88,4.58,9870.18,0.4
Garen,sup,5.0,6.0,4.0,9319.5,0.5
Garen,top,5.17223198594,5.25659050967,4.56590509666,11222.9648506,0.469244288225
Gnar,adc,6.33333333333,4.33333333333,9.33333333333,10387.3333333,1.0
Gnar,jg,4.27777777778,5.05555555556,5.33333333333,9114.77777778,0.444444444444
Gnar,mid,4.45454545455,5.81818181818,6.72727272727,9737.54545455,0.636363636364
Gnar,sup,2.0,5.5,5.75,7239.5,0.25
Gnar,top,4.44673539519,5.33419243986,6.41323024055,11055.5893471,0.449312714777
Gragas,adc,7.0,6.23529411765,5.94117647059,11432.1176471,0.470588235294
Gragas,jg,4.62159122856,4.34917064942,9.20663480461,10664.4759629,0.508293505763
Gragas,mid,6.1459566075,5.12228796844,6.12623274162,10863.2287968,0.506903353057
Gragas,sup,2.8622327791,5.3919239905,11.0522565321,9496.92874109,0.520190023753
Gragas,top,3.96751269036,4.38730964467,7.47411167513,10705.7116751,0.515736040609
Graves,adc,6.35882352941,5.67058823529,6.78823529412,12501.2764706,0.523529411765
Graves,jg,7.15997540192,5.39963102873,6.42466836511,12564.5702363,0.512870069402
Graves,mid,5.70560747664,4.96261682243,5.04205607477,10719.0654206,0.5
Graves,sup,5.67164179104,6.22388059701,5.38805970149,11227.8656716,0.388059701493
Graves,top,5.416,5.996,5.144,11808.76,0.504
Hecarim,adc,4.5,7.0,9.0,9667.0,0.5
Hecarim,jg,6.82433590403,4.95233504713,7.9103470437,11650.0691945,0.502463581834
Hecarim,mid,3.92307692308,3.07692307692,3.51282051282,6259.38461538,0.384615384615
Hecarim,sup,6.81,5.27,7.99,11745.77,0.43
Hecarim,top,6.01098901099,5.47252747253,5.72527472527,10496.6813187,0.428571428571
Heimerdinger,adc,4.47368421053,5.84210526316,6.73684210526,11931.3684211,0.421052631579
Heimerdinger,jg,3.3,4.5,5.9,8385.4,0.4
Heimerdinger,mid,3.52873563218,5.14367816092,6.49425287356,10808.6321839,0.448275862069
Heimerdinger,sup,2.57894736842,6.84210526316,9.26315789474,9849.47368421,0.210526315789
Heimerdinger,top,3.75238095238,5.10158730159,6.42857142857,11389.3968254,0.453968253968
Illaoi,adc,6.06666666667,6.26666666667,5.46666666667,11214.6,0.466666666667
Illaoi,jg,4.71739130435,5.47826086957,4.28260869565,10615.826087,0.5
Illaoi,mid,5.02,5.7,4.34,10560.28,0.42
Illaoi,sup,1.90909090909,7.72727272727,7.45454545455,8981.0,0.545454545455
Illaoi,top,4.64783281734,5.8846749226,4.47987616099,11925.3815789,0.487616099071
Irelia,adc,6.46153846154,6.46153846154,8.07692307692,12976.9230769,0.538461538462
Irelia,jg,6.578125,5.140625,5.53125,10499.953125,0.46875
Irelia,mid,6.98453608247,5.40721649485,5.21649484536,11301.4484536,0.525773195876
Irelia,sup,3.57142857143,8.85714285714,12.5714285714,10027.4285714,0.285714285714
Irelia,top,6.04667609618,5.49872701556,5.20254596888,11460.5892504,0.49702970297
Ivern,adc,1.0,8.0,12.0,7249.0,0.0
Ivern,jg,2.46932167719,3.6326695807,12.5324591226,9948.82386272,0.562732718148
Ivern,mid,1.13333333333,2.03333333333,5.16666666667,4959.26666667,0.4
Ivern,sup,1.89552238806,4.51741293532,11.6069651741,9339.21890547,0.417910447761
Ivern,top,3.0,2.5,3.25,5137.25,0.25
Janna,adc,0.5,4.5,10.0,7177.0,0.5
Janna,jg,0.647058823529,3.03529411765,8.36470588235,5282.05882353,0.423529411765
Janna,mid,0.316371681416,0.95796460177,2.46238938053,2810.79424779,0.449115044248
Janna,sup,0.762296768882,3.76154215545,13.7419222062,8547.52726899,0.51553817658
Janna,top,0.0,3.0,8.0,10497.0,0.0
Jarvan IV,adc,7.0,7.66666666667,10.8,12766.3333333,0.466666666667
Jarvan IV,jg,5.72435105068,5.55562422744,10.8201483313,11152.3034611,0.472187886279
Jarvan IV,mid,7.81976744186,6.80813953488,8.62209302326,11554.5697674,0.482558139535
Jarvan IV,sup,3.55,6.0375,13.3125,9927.325,0.55
Jarvan IV,top,5.50528885273,5.58991049634,9.12774613507,11537.1228641,0.509357200976
Jax,adc,2.85714285714,7.42857142857,2.85714285714,9674.28571429,0.142857142857
Jax,jg,6.25981873112,5.63041289023,5.94561933535,11536.7291037,0.497482376636
Jax,mid,5.87037037037,4.96296296296,3.83333333333,9674.5,0.462962962963
Jax,sup,4.29166666667,4.66666666667,6.66666666667,9569.95833333,0.625
Jax,top,5.64163372859,5.59057971014,4.02437417655,11630.6162714,0.490118577075
Jayce,adc,7.16216216216,5.2,6.92432432432,11845.6702703,0.589189189189
Jayce,jg,6.27062706271,4.73927392739,5.53795379538,10111.4158416,0.518151815182
Jayce,mid,6.99722511273,5.24627124523,6.596947624,11889.5268817,0.508151231356
Jayce,sup,3.55555555556,6.11111111111,7.66666666667,8623.44444444,0.222222222222
Jayce,top,6.25252643948,5.51421856639,6.11034077556,11917.6012926,0.512220916569
Jhin,adc,6.35395277207,4.96368069815,8.63689253936,12050.3622091,0.506288501027
Jhin,jg,4.27868852459,2.98360655738,4.73770491803,7227.54098361,0.459016393443
Jhin,mid,3.57642585551,3.72699619772,5.17186311787,7292.7338403,0.469201520913
Jhin,sup,3.33333333333,6.77777777778,7.22222222222,8379.55555556,0.222222222222
Jhin,top,2.82352941176,4.58823529412,3.88235294118,7287.82352941,0.176470588235
Jinx,adc,5.99891598916,5.70514905149,6.95989159892,12174.4666667,0.468292682927
Jinx,jg,3.5,2.7,3.5,6866.6,0.3
Jinx,mid,2.90833333333,4.08333333333,3.90833333333,6645.59166667,0.408333333333
Jinx,top,1.0,3.0,1.0,6690.0,0.0
Kalista,adc,7.13177226814,5.94123048669,6.59090909091,12176.1313131,0.530303030303
Kalista,jg,4.26315789474,2.52631578947,4.15789473684,7350.89473684,0.736842105263
Kalista,mid,4.40151515152,4.40151515152,3.84090909091,7687.76515152,0.462121212121
Kalista,sup,2.0,3.0,5.33333333333,6316.0,0.333333333333
Kalista,top,9.33333333333,6.0,6.66666666667,13644.3333333,0.666666666667
Karma,adc,2.78947368421,5.05263157895,10.7368421053,10470.7894737,0.473684210526
Karma,jg,2.51351351351,4.31081081081,9.81981981982,8202.23873874,0.554054054054
Karma,mid,3.01901366607,3.65181224005,7.40404040404,8478.27629234,0.467023172906
Karma,sup,1.65534148194,4.65837994614,13.1587597542,9063.0034528,0.498998687936
Karma,top,3.48461538462,4.91923076923,8.48846153846,10714.6615385,0.496153846154
Karthus,adc,8.0,7.83333333333,11.3333333333,13397.2,0.633333333333
Karthus,jg,6.25925925926,7.25925925926,8.07407407407,11250.6666667,0.481481481481
Karthus,mid,6.76979293544,6.56394640682,8.36297198538,12265.3666261,0.464068209501
Karthus,sup,3.9,8.85,11.95,10912.9,0.4
Karthus,top,5.96984924623,6.95477386935,8.09547738693,12314.3015075,0.522613065327
Kassadin,adc,8.06060606061,5.54545454545,6.24242424242,12585.6060606,0.484848484848
Kassadin,jg,6.58695652174,4.19565217391,5.17391304348,10036.0869565,0.413043478261
Kassadin,mid,7.16239316239,5.01175213675,6.15170940171,11429.6064815,0.519586894587
Kassadin,sup,2.5,6.5,1.5,7363.5,0.0
Kassadin,top,6.73417721519,5.58227848101,5.98101265823,11677.6455696,0.506329113924
Katarina,adc,9.93333333333,6.71666666667,5.2,12201.8166667,0.4
Katarina,jg,10.1339031339,6.45299145299,5.91168091168,12021.4102564,0.549857549858
Katarina,mid,8.82897815913,6.24219968799,5.45748829953,11728.7031981,0.516965678627
Katarina,sup,5.64285714286,6.89285714286,9.07142857143,9928.64285714,0.392857142857
Katarina,top,7.59770114943,6.7816091954,5.63601532567,11689.8659004,0.494252873563
Kayle,adc,5.50847457627,4.79661016949,7.42372881356,12048.6440678,0.576271186441
Kayle,jg,5.19852941176,4.86029411765,5.69852941176,11061.9191176,0.455882352941
Kayle,mid,4.82884615385,5.06730769231,5.87884615385,11197.9038462,0.486538461538
Kayle,sup,1.30208333333,4.45833333333,11.1770833333,8551.39583333,0.4375
Kayle,top,4.49705535925,5.71849234393,5.49705535925,12045.1201413,0.528857479388
Kennen,adc,5.64,5.55,7.11,11871.65,0.47
Kennen,jg,5.30612244898,5.4693877551,7.10204081633,10415.9591837,0.530612244898
Kennen,mid,6.26885245902,4.83606557377,6.51639344262,11424.8213115,0.544262295082
Kennen,sup,2.97660818713,6.18713450292,10.2280701754,9721.57894737,0.473684210526
Kennen,top,5.4212173913,5.29147826087,5.79443478261,11734.5398261,0.515826086957
Kha'Zix,adc,9.0,5.66666666667,7.33333333333,12064.0,0.333333333333
Kha'Zix,jg,7.91689405161,5.08396351446,5.95836906525,11924.0426444,0.511811023622
Kha'Zix,mid,4.79816513761,3.1376146789,3.19266055046,7149.32110092,0.422018348624
Kha'Zix,sup,7.33035714286,5.30357142857,5.83035714286,11530.9642857,0.473214285714
Kha'Zix,top,6.3661971831,5.2676056338,4.50704225352,10636.4788732,0.43661971831
Kindred,adc,4.5,10.5,7.33333333333,10818.3333333,0.333333333333
Kindred,jg,5.87158054711,6.12386018237,6.98556231003,11247.0554711,0.512917933131
Kindred,mid,1.86666666667,5.53333333333,3.66666666667,7058.4,0.333333333333
Kindred,sup,5.4,6.55,6.15,10398.9,0.35
Kindred,top,4.0,5.125,3.875,8851.375,0.25
Kled,adc,5.0,5.33333333333,7.66666666667,9986.16666667,0.333333333333
Kled,jg,6.34013605442,4.91836734694,7.82993197279,10822.6938776,0.544217687075
Kled,mid,6.48062015504,5.75968992248,6.67441860465,11130.3488372,0.449612403101
Kled,sup,4.83333333333,5.08333333333,9.16666666667,10093.0833333,0.416666666667
Kled,top,6.0292358804,5.41694352159,6.99568106312,11338.7710963,0.508305647841
Kog'Maw,adc,7.11601260384,6.1142938986,6.5886565454,12311.5221999,0.523632197078
Kog'Maw,jg,6.95588235294,5.44117647059,4.33823529412,9878.29411765,0.5
Kog'Maw,mid,5.46055979644,5.3155216285,5.17048346056,9667.45292621,0.496183206107
Kog'Maw,sup,3.71428571429,7.14285714286,6.57142857143,9674.14285714,0.285714285714
Kog'Maw,top,6.5,7.5,4.0,11697.5,0.5
LeBlanc,adc,7.59322033898,6.13559322034,6.13559322034,11398.4067797,0.423728813559
LeBlanc,jg,8.28571428571,4.69285714286,5.95,10819.9928571,0.535714285714
LeBlanc,mid,8.02987789036,5.09976617303,6.126006755,11598.3691868,0.538321641985
LeBlanc,sup,5.75806451613,5.85483870968,10.0161290323,10556.4516129,0.516129032258
LeBlanc,top,7.37234042553,5.3829787234,5.8085106383,11705.6914894,0.574468085106
Lee Sin,adc,4.4,8.4,6.2,8702.8,0.2
Lee Sin,jg,6.62624418655,5.39005520059,8.06293736689,11202.3915765,0.495066718825
Lee Sin,mid,3.73381294964,3.3309352518,4.10071942446,6160.26618705,0.446043165468
Lee Sin,sup,5.90489913545,5.734870317,8.52449567723,10781.7060519,0.466858789625
Lee Sin,top,6.7032967033,6.45054945055,6.28571428571,11056.5164835,0.516483516484
Leona,adc,4.0,4.0,4.0,5230.0,0.0
Leona,jg,1.88571428571,5.14285714286,9.74285714286,7271.34285714,0.428571428571
Leona,mid,2.06912442396,4.1198156682,9.21198156682,7027.04147465,0.447004608295
Leona,sup,1.96998050682,5.63001949318,12.9450292398,8949.15672515,0.506822612086
Leona,top,3.09090909091,5.90909090909,8.36363636364,10303.7272727,0.363636363636
Lissandra,adc,5.52631578947,5.89473684211,6.84210526316,11846.6315789,0.368421052632
Lissandra,jg,5.98461538462,5.53846153846,8.67692307692,11146.4615385,0.553846153846
Lissandra,mid,4.98421541318,5.68616527391,7.50232126277,11192.5608171,0.464252553389
Lissandra,sup,2.30769230769,5.92307692308,10.8461538462,9092.07692308,0.384615384615
Lissandra,top,4.62347188264,5.83129584352,7.76772616137,11571.4694377,0.464547677262
Lucian,adc,6.33904787924,5.17546615668,6.8684516085,12228.9273274,0.51109896865
Lucian,jg,4.28921568627,4.33333333333,4.27450980392,8518.76960784,0.382352941176
Lucian,mid,3.82080329557,3.80741503605,3.90731204943,7646.11534501,0.497425334706
Lucian,sup,3.0,5.5,4.75,9297.0,0.5
Lucian,top,6.25641025641,6.67948717949,4.52564102564,12271.525641,0.384615384615
Lulu,adc,4.92307692308,4.53846153846,8.15384615385,11276.2307692,0.538461538462
Lulu,jg,2.22905027933,3.5530726257,8.95530726257,7159.20670391,0.491620111732
Lulu,mid,2.53812636166,3.16666666667,6.69716775599,7437.68300654,0.4825708061
Lulu,sup,1.74461564655,4.51349280667,13.4134672682,8969.69677364,0.518855878097
Lulu,top,3.24920127796,4.70287539936,8.65814696486,10263.1821086,0.482428115016
Lux,adc,5.6976744186,5.3023255814,9.74418604651,11696.9302326,0.46511627907
Lux,jg,5.22826086957,4.59782608696,7.30434782609,9770.95652174,0.434782608696
Lux,mid,5.71180432471,4.77490251684,8.05317263382,11310.7047146,0.441687344913
Lux,sup,3.54347826087,5.93695652174,11.0456521739,9943.60652174,0.408695652174
Lux,top,5.28571428571,6.28571428571,8.57142857143,10692.5714286,0.285714285714
Malphite,adc,3.0,3.0,3.0,8652.0,0.0
Malphite,jg,4.6511627907,4.43410852713,7.8992248062,10333.0,0.472868217054
Malphite,mid,4.81818181818,4.23232323232,8.76767676768,10444.0606061,0.535353535354
Malphite,sup,3.09756097561,6.14634146341,11.5731707317,9998.56097561,0.390243902439
Malphite,top,3.95915789474,4.41094736842,7.49557894737,10702.1957895,0.484210526316
Malzahar,adc,4.93548387097,5.58064516129,7.38709677419,10841.6129032,0.387096774194
Malzahar,jg,4.72307692308,4.82051282051,7.29230769231,9558.97435897,0.476923076923
Malzahar,mid,4.84873563218,4.79356321839,7.06436781609,10548.6216092,0.513563218391
Malzahar,sup,3.17067159581,6.09581022797,10.2763401109,9827.49121996,0.501540357363
Malzahar,top,4.56551724138,5.17931034483,6.57931034483,11193.4137931,0.531034482759
Maokai,adc,2.85714285714,5.85714285714,8.28571428571,9142.28571429,0.142857142857
Maokai,jg,3.36434108527,4.9496124031,9.54651162791,9349.08139535,0.5
Maokai,mid,2.42857142857,4.49350649351,7.93506493506,7499.61038961,0.428571428571
Maokai,sup,2.09836065574,5.7131147541,10.8524590164,8602.02459016,0.475409836066
Maokai,top,3.47493524303,4.87871400274,8.8535730611,10749.0394637,0.485601097059
Master Yi,adc,9.0,8.0,2.71428571429,12213.2857143,0.142857142857
Master Yi,jg,8.11426844015,5.72914147521,4.32103990326,12321.5157195,0.498186215236
Master Yi,mid,7.18461538462,5.29230769231,3.78461538462,11514.6461538,0.538461538462
Master Yi,sup,7.6,6.3,4.9,12351.3,0.5
Master Yi,top,5.52678571429,6.52678571429,3.46428571429,10951.4196429,0.428571428571
Miss Fortune,adc,6.62086029692,5.44347164065,7.8934145413,12178.3022459,0.519413779977
Miss Fortune,jg,4.16949152542,4.72881355932,6.94915254237,8461.84745763,0.406779661017
Miss Fortune,mid,3.25048169557,4.28516377649,5.34874759152,7427.18304432,0.414258188825
Miss Fortune,sup,3.13016367888,6.38464536243,10.9310210444,10474.3721746,0.451675759938
Miss Fortune,top,3.2,4.4,1.6,5671.0,0.2
Mordekaiser,adc,6.37770897833,4.53250773994,6.83900928793,11675.7151703,0.572755417957
Mordekaiser,jg,4.32857142857,4.95714285714,4.9,9788.87142857,0.442857142857
Mordekaiser,mid,5.76024279211,5.08952959029,6.468892261,11044.1942337,0.523520485584
Mordekaiser,sup,2.8,7.4,9.2,9780.0,0.6
Mordekaiser,top,4.57111597374,5.72210065646,4.58205689278,10801.4113786,0.463894967177
Morgana,adc,6.09090909091,7.27272727273,13.2727272727,13901.2727273,0.454545454545
Morgana,jg,3.50314465409,4.35849056604,7.76729559748,8770.53459119,0.408805031447
Morgana,mid,3.99569336779,4.16709732989,8.40137812231,10121.7381568,0.48406546081
Morgana,sup,2.03810191678,5.4247311828,13.6912108462,9442.83613838,0.500467508181
Morgana,top,3.19444444444,4.15740740741,7.53703703704,10632.3703704,0.490740740741
Nami,jg,1.54054054054,3.66216216216,11.8648648649,7288.31081081,0.513513513514
Nami,mid,0.482490272374,1.0,2.4280155642,2747.96108949,0.525291828794
Nami,sup,1.48896902843,4.34429359355,14.286911328,8869.65613067,0.507000424268
Nami,top,1.0,3.0,5.5,7246.0,0.5
Nasus,adc,5.14285714286,5.28571428571,5.71428571429,11649.2857143,0.285714285714
Nasus,jg,4.60655737705,4.80327868852,7.09836065574,10824.8196721,0.475409836066
Nasus,mid,3.81456953642,4.8940397351,7.50331125828,11367.1655629,0.437086092715
Nasus,sup,2.6,5.44,9.52,10808.4,0.52
Nasus,top,3.59640957447,4.80518617021,5.75199468085,11351.1542553,0.492021276596
Nautilus,adc,2.71428571429,5.28571428571,11.0,10405.2857143,0.428571428571
Nautilus,jg,2.54511278195,4.65413533835,7.89097744361,8425.2406015,0.37969924812
Nautilus,mid,2.13138686131,4.45620437956,8.83941605839,7736.25547445,0.419708029197
Nautilus,sup,1.69517022961,5.57244655582,12.0601741884,8780.46159937,0.503562945368
Nautilus,top,3.07082833133,4.74395472475,8.72869147659,10370.8869834,0.482764534385
Nidalee,adc,6.8,6.4,4.2,10908.0,0.4
Nidalee,jg,7.10282551704,5.211185552,7.07719196038,11936.4803379,0.498397902709
Nidalee,mid,5.44736842105,4.92105263158,4.21052631579,8577.78947368,0.368421052632
Nidalee,sup,4.82222222222,5.73333333333,7.2,10315.0444444,0.355555555556
Nidalee,top,5.21551724138,5.43103448276,5.40517241379,11513.5431034,0.543103448276
Nocturne,jg,6.91513917176,5.57365919891,6.35030549898,11862.8044807,0.466395112016
Nocturne,mid,4.67857142857,4.35714285714,3.28571428571,7921.64285714,0.321428571429
Nocturne,sup,6.93333333333,5.46666666667,6.2,11903.0666667,0.333333333333
Nocturne,top,5.64285714286,5.85714285714,4.67857142857,10586.1785714,0.428571428571
Nunu,jg,3.09929577465,4.46549295775,10.311971831,10277.5577465,0.521830985915
Nunu,mid,1.9,5.075,8.825,8105.25,0.4
Nunu,sup,1.73958333333,5.41666666667,10.8854166667,8125.9375,0.479166666667
Nunu,top,3.11363636364,5.45454545455,5.63636363636,9431.93181818,0.318181818182
Olaf,adc,9.25,6.75,7.25,13977.5,0.25
Olaf,jg,6.415705038,5.04981705601,7.83506895581,11470.3954405,0.495637489446
Olaf,mid,5.18367346939,4.91836734694,4.91836734694,9370.67346939,0.469387755102
Olaf,sup,5.52941176471,5.58823529412,8.11764705882,10989.4411765,0.382352941176
Olaf,top,6.45125107852,5.81190681622,5.74978429681,11708.6738568,0.520276100086
Orianna,adc,5.68217054264,5.2480620155,8.50387596899,11636.2635659,0.46511627907
Orianna,jg,4.45333333333,4.59111111111,6.27111111111,9543.05777778,0.506666666667
Orianna,mid,5.50366748166,4.84362265689,7.91136919315,11651.7884067,0.489608801956
Orianna,sup,2.54838709677,5.58064516129,10.8709677419,8841.77419355,0.548387096774
Orianna,top,5.14814814815,5.74074074074,6.85185185185,11453.4074074,0.462962962963
Pantheon,adc,7.16363636364,6.56363636364,6.07272727273,11055.4909091,0.490909090909
Pantheon,jg,6.94891640867,5.88699690402,7.07275541796,10844.8622291,0.469040247678
Pantheon,mid,7.43177570093,5.93271028037,6.27663551402,10717.5981308,0.547663551402
Pantheon,sup,4.70469798658,6.43624161074,10.0402684564,9822.2885906,0.496644295302
Pantheon,top,7.0985083903,5.92510876321,6.35487880671,11342.4543195,0.517402113114
Poppy,adc,4.5,3.75,9.375,10606.5,0.625
Poppy,jg,4.50522648084,4.72473867596,8.18118466899,10169.2090592,0.463414634146
Poppy,mid,3.34146341463,4.5243902439,7.67073170732,8022.26829268,0.451219512195
Poppy,sup,3.06109324759,4.8424437299,10.8906752412,9037.37299035,0.549839228296
Poppy,top,4.01285001918,4.46279248178,7.18143459916,10788.6990794,0.485423858842
Quinn,adc,8.32653061224,6.89795918367,8.18367346939,12708.2721088,0.585034013605
Quinn,jg,7.32727272727,7.12121212121,7.34242424242,11556.0363636,0.424242424242
Quinn,mid,9.04940374787,6.83475298126,6.69505962521,11858.4804089,0.534923339012
Quinn,sup,6.5,6.0,7.0,9398.0,0.75
Quinn,top,7.60929648241,7.12248743719,6.3932160804,11683.9962312,0.508793969849
Rammus,adc,7.0,10.0,17.0,16416.0,0.0
Rammus,jg,4.2821969697,4.55018939394,10.4498106061,10681.9801136,0.527462121212
Rammus,mid,2.45,5.65,8.15,7673.6,0.55
Rammus,sup,3.3,5.9,11.55,10339.25,0.5
Rammus,top,3.46666666667,5.00833333333,8.45833333333,10592.4083333,0.529166666667
Rek'Sai,jg,5.04801097394,4.3468547913,8.84205369391,11546.7413286,0.499314128944
Rek'Sai,mid,2.52173913043,2.4347826087,4.39130434783,6345.52173913,0.391304347826
Rek'Sai,sup,5.325,5.025,8.8,11605.2,0.55
Rek'Sai,top,4.08333333333,4.16666666667,7.16666666667,12105.8333333,0.5
Renekton,adc,8.05,6.3,6.05,13761.85,0.5
Renekton,jg,6.00699300699,4.82517482517,5.58741258741,10579.979021,0.482517482517
Renekton,mid,6.05952380952,5.77976190476,5.19642857143,10512.0178571,0.392857142857
Renekton,sup,2.8,6.6,4.2,8133.6,0.0
Renekton,top,5.26139365918,5.31902245707,5.67123513871,11848.3152246,0.505284015852
Rengar,adc,6.9375,6.4375,5.75,11129.375,0.4375
Rengar,jg,7.35740311361,5.42845313018,6.40046372971,11955.5026499,0.515402451143
Rengar,mid,4.77777777778,3.98412698413,3.79365079365,7520.93650794,0.428571428571
Rengar,sup,5.71428571429,5.90909090909,6.54545454545,10398.3116883,0.480519480519
Rengar,top,6.35569422777,5.75351014041,5.96567862715,11910.3120125,0.533541341654
Riven,adc,7.8,5.65,4.35,11341.5,0.6
Riven,jg,7.12392638037,5.3472392638,5.55950920245,12085.5092025,0.522699386503
Riven,mid,6.9926199262,5.70848708487,5.14022140221,11565.8560886,0.512915129151
Riven,sup,4.04545454545,6.77272727273,5.59090909091,9256.5,0.363636363636
Riven,top,6.39672753142,5.52395067584,4.68591415698,11902.1159592,0.513042447237
Rumble,adc,5.5625,4.875,8.8125,11355.5,0.6875
Rumble,jg,6.56526315789,5.08736842105,8.05052631579,11716.6221053,0.509473684211
Rumble,mid,6.39803439803,5.16461916462,7.57985257985,11227.2039312,0.506142506143
Rumble,sup,3.77419354839,6.54838709677,8.90322580645,9931.87096774,0.354838709677
Rumble,top,5.3418770476,5.46964733089,7.23781075352,11641.4642513,0.525342069763
Ryze,adc,5.98,5.6,6.71,12140.8,0.48
Ryze,jg,6.30670103093,5.08505154639,6.27319587629,11455.6314433,0.489690721649
Ryze,mid,5.73163280892,5.05697265923,6.11379257675,11717.6069956,0.474721246372
Ryze,sup,3.26315789474,8.31578947368,6.78947368421,9423.05263158,0.421052631579
Ryze,top,5.04436860068,5.57451649602,5.58816837315,11811.3367463,0.494880546075
Sejuani,jg,4.33561643836,4.43835616438,9.57762557078,10777.2009132,0.472602739726
Sejuani,mid,1.125,5.75,5.0,6750.875,0.375
Sejuani,sup,3.63157894737,4.05263157895,9.89473684211,10130.5263158,0.578947368421
Sejuani,top,4.41176470588,3.76470588235,6.88235294118,10475.5294118,0.529411764706
Shaco,adc,6.0,4.8,7.4,11951.4,0.8
Shaco,jg,7.11449083695,5.16512374835,6.95163423389,11990.0563008,0.53750236161
Shaco,mid,5.15384615385,4.96923076923,5.12307692308,8677.49230769,0.338461538462
Shaco,sup,5.12658227848,6.22151898734,8.51898734177,10857.1962025,0.5
Shaco,top,6.13698630137,5.97602739726,5.84417808219,11147.984589,0.496575342466
Shen,adc,2.0,6.0,6.0,9661.0,0.0
Shen,jg,4.09722222222,4.81944444444,10.0138888889,10871.9861111,0.444444444444
Shen,mid,2.60975609756,4.26829268293,9.85365853659,8550.56097561,0.463414634146
Shen,sup,2.1884057971,5.88405797101,13.4202898551,9417.84057971,0.420289855072
Shen,top,3.51222493888,4.08404645477,9.79462102689,10810.2429707,0.481356968215
Shyvana,jg,5.55082536924,4.96264118158,6.13379669852,11774.7324066,0.474370112945
Shyvana,mid,1.85714285714,3.14285714286,3.42857142857,7068.57142857,0.285714285714
Shyvana,sup,6.09090909091,4.36363636364,5.45454545455,11032.8181818,0.545454545455
Shyvana,top,3.28571428571,4.21428571429,5.0,10620.5714286,0.535714285714
Singed,adc,4.0,6.44444444444,9.11111111111,11788.7777778,0.777777777778
Singed,jg,3.72941176471,5.15294117647,7.75294117647,10409.3882353,0.494117647059
Singed,mid,3.93670886076,4.73417721519,7.74683544304,10009.5443038,0.481012658228
Singed,sup,1.4,5.4,8.4,7663.33333333,0.333333333333
Singed,top,3.88801828273,5.19751877245,7.61965393405,11273.978779,0.500163238655
Sion,adc,5.28571428571,5.71428571429,5.85714285714,8769.85714286,0.428571428571
Sion,jg,3.675,4.50625,8.7,10144.5375,0.46875
Sion,mid,2.8361774744,5.0614334471,10.0443686007,9289.23890785,0.447098976109
Sion,sup,2.36007462687,5.89925373134,12.2164179104,9350.12313433,0.533582089552
Sion,top,3.84112149533,4.9738317757,8.51588785047,11367.8775701,0.507476635514
Sivir,adc,4.90342679128,5.08411214953,8.02596053998,12471.6732433,0.500173070267
Sivir,jg,4.16666666667,4.33333333333,6.27777777778,9368.61111111,0.5
Sivir,mid,2.86666666667,4.22666666667,4.68,7542.42,0.346666666667
Skarner,jg,4.3906020558,4.54185022026,8.44640234949,10648.2173275,0.511013215859
Skarner,mid,1.0,1.57142857143,3.28571428571,3678.14285714,0.285714285714
Skarner,sup,3.44444444444,5.77777777778,6.44444444444,9134.66666667,0.333333333333
Skarner,top,2.33333333333,5.66666666667,3.0,6651.66666667,0.0
Sona,adc,6.83333333333,3.45833333333,13.625,11948.7083333,0.75
Sona,jg,3.41935483871,4.12903225806,7.12903225806,7421.12903226,0.451612903226
Sona,mid,3.96755162242,3.6401179941,7.65191740413,8309.84365782,0.486725663717
Sona,sup,2.39642515161,5.31152250239,12.9205234599,9194.74752633,0.523779125439
Sona,top,3.27777777778,3.72222222222,8.75,8688.52777778,0.527777777778
Soraka,adc,2.0,4.5,17.5,12506.0,1.0
Soraka,jg,0.357142857143,2.7380952381,5.42857142857,4342.88095238,0.261904761905
Soraka,mid,0.590163934426,1.37704918033,2.91803278689,3451.30601093,0.415300546448
Soraka,sup,0.705839147999,4.66140286449,13.765699596,8459.29452809,0.525523319868
Soraka,top,1.70588235294,6.33333333333,12.6078431373,9708.31372549,0.392156862745
Swain,adc,4.8125,5.1875,6.0,10307.25,0.5625
Swain,jg,4.89380530973,4.67256637168,5.52212389381,8951.15929204,0.442477876106
Swain,mid,5.27805575411,5.00357398142,7.47819871337,11156.4717655,0.510364546104
Swain,sup,3.72727272727,6.09090909091,8.63636363636,11385.4545455,0.545454545455
Swain,top,4.61151481274,5.13191727222,6.95612073784,11300.0659586,0.516210173281
Syndra,adc,7.05952380952,6.04761904762,6.27380952381,11996.9880952,0.440476190476
Syndra,jg,6.21317829457,4.92635658915,5.55813953488,10434.3604651,0.562015503876
Syndra,mid,6.56204379562,5.43944585133,5.9870400715,12073.5711306,0.519737822136
Syndra,sup,3.60416666667,7.57291666667,8.89583333333,10122.40625,0.416666666667
Syndra,top,5.85,4.95,5.25,11615.9,0.35
Tahm Kench,adc,5.0,4.0,10.5,11892.0,1.0
Tahm Kench,jg,3.56707317073,4.39634146341,7.7987804878,8937.09146341,0.469512195122
Tahm Kench,mid,2.13138686131,4.10218978102,7.58394160584,7198.60583942,0.489051094891
Tahm Kench,sup,1.95429208473,5.00334448161,11.1850613155,8864.65050167,0.494425863991
Tahm Kench,top,4.61774744027,4.85324232082,7.40273037543,10875.6177474,0.469283276451
Taliyah,adc,7.78846153846,5.75,8.51923076923,12412.2884615,0.596153846154
Taliyah,jg,7.97282608696,5.79347826087,7.83695652174,12093.4402174,0.538043478261
Taliyah,mid,7.05181128896,5.74684077506,7.69839932603,12069.415754,0.525273799495
Taliyah,sup,4.32271762208,6.89596602972,10.1507430998,10323.1868365,0.475583864119
Taliyah,top,5.70731707317,6.42682926829,6.34146341463,11173.0365854,0.475609756098
Talon,adc,9.08823529412,6.95588235294,6.14705882353,12427.9558824,0.5
Talon,jg,9.53780068729,6.79381443299,6.04467353952,12543.9123711,0.548109965636
Talon,mid,8.7162487946,6.28833172613,5.68394406943,12132.8264224,0.527483124397
Talon,sup,5.6,9.25,7.1,9896.35,0.35
Talon,top,7.93305439331,6.64184100418,5.36317991632,12165.2887029,0.52719665272
Taric,jg,0.916666666667,3.54166666667,8.86111111111,6325.47222222,0.513888888889
Taric,mid,1.43670886076,3.6582278481,9.77848101266,6999.74683544,0.443037974684
Taric,sup,1.29776247849,4.52667814114,13.9047619048,8749.69822146,0.511761331038
Taric,top,2.41666666667,4.16666666667,10.5833333333,10615.4166667,0.416666666667
Teemo,adc,6.85454545455,5.21818181818,7.74545454545,12521.5272727,0.654545454545
Teemo,jg,4.45544554455,5.90099009901,5.19801980198,9643.05940594,0.39603960396
Teemo,mid,4.79885057471,5.48275862069,5.47701149425,10304.3333333,0.471264367816
Teemo,sup,3.81954887218,7.23308270677,8.37593984962,10304.7067669,0.443609022556
Teemo,top,5.08377358491,5.28226415094,5.24037735849,12065.4773585,0.501132075472
Thresh,adc,6.66666666667,4.66666666667,11.0,12910.6666667,0.666666666667
Thresh,jg,1.6,4.25454545455,11.4227272727,6657.73181818,0.5
Thresh,mid,1.08945260347,3.02002670227,6.89853137517,5075.89185581,0.476635514019
Thresh,sup,1.67229170803,5.27767851234,13.7207332407,8468.65415922,0.504533121567
Thresh,top,1.28571428571,3.28571428571,9.28571428571,7981.0,0.428571428571
Tristana,adc,6.32618343195,5.2899408284,6.03846153846,11992.7463018,0.491124260355
Tristana,jg,6.0,3.61538461538,3.76923076923,9742.46153846,0.307692307692
Tristana,mid,4.21153846154,4.32692307692,4.60576923077,8293.54807692,0.509615384615
Tristana,sup,4.0,5.0,3.0,5935.0,0.0
Tristana,top,5.5,3.66666666667,3.75,9868.83333333,0.5
Trundle,adc,6.0,5.33333333333,9.33333333333,14737.6666667,0.666666666667
Trundle,jg,4.59782608696,5.34239130435,8.25,10564.8423913,0.385869565217
Trundle,mid,2.4328358209,4.34328358209,8.85074626866,7798.59701493,0.432835820896
Trundle,sup,1.91346153846,4.89743589744,13.0608974359,9017.90064103,0.487179487179
Trundle,top,3.80512091038,4.786628734,6.64153627312,10934.8705548,0.487908961593
Tryndamere,adc,4.875,4.8125,4.375,10491.3125,0.375
Tryndamere,jg,5.93333333333,5.35,5.16666666667,12266.1083333,0.525
Tryndamere,mid,4.91666666667,4.35416666667,4.22916666667,10751.5104167,0.53125
Tryndamere,sup,3.33333333333,5.66666666667,7.0,10778.6666667,0.333333333333
Tryndamere,top,5.29790310918,4.82031814895,3.93383947939,12355.3091106,0.522415039769
Twisted Fate,adc,5.51041666667,5.70833333333,7.45833333333,12144.65625,0.4375
Twisted Fate,jg,5.85969387755,5.1556122449,7.53571428571,11758.377551,0.522959183673
Twisted Fate,mid,5.41924454575,5.14067079127,7.88163464669,12132.0983393,0.51481602084
Twisted Fate,sup,3.0,6.88235294118,11.0392156863,9861.49019608,0.490196078431
Twisted Fate,top,4.7027027027,5.16216216216,7.78378378378,12416.2162162,0.486486486486
Twitch,adc,7.48352570829,5.60797481637,6.90682056663,12263.3871983,0.529905561385
Twitch,jg,8.85080645161,6.29704301075,6.62231182796,12223.0698925,0.498655913978
Twitch,mid,4.61075949367,4.54430379747,4.29113924051,7844.59177215,0.474683544304
Twitch,sup,8.70588235294,5.94117647059,8.64705882353,11374.9411765,0.588235294118
Twitch,top,4.76923076923,6.23076923077,3.23076923077,7615.30769231,0.230769230769
Udyr,jg,5.06017699115,4.62477876106,7.14336283186,11272.460177,0.49203539823
Udyr,mid,4.33333333333,3.66666666667,2.66666666667,7795.33333333,0.333333333333
Udyr,sup,4.33333333333,4.83333333333,6.16666666667,9357.33333333,0.166666666667
Udyr,top,3.85714285714,6.42857142857,4.33333333333,10384.5238095,0.238095238095
Urgot,adc,5.27647058824,5.71764705882,7.04117647059,11219.6764706,0.482352941176
Urgot,jg,5.1,4.4,2.8,8477.1,0.2
Urgot,mid,4.86458333333,5.23958333333,5.53125,10228.625,0.4375
Urgot,sup,5.0,6.0,7.0,9645.0,0.5
Urgot,top,4.86805555556,5.61111111111,6.38194444444,11217.6944444,0.506944444444
Varus,adc,5.88031893898,5.41304176206,8.06710349728,12200.7154022,0.502802557827
Varus,jg,3.62790697674,4.09302325581,4.90697674419,7287.02325581,0.418604651163
Varus,mid,4.16636029412,4.41268382353,5.50643382353,8849.765625,0.473345588235
Varus,sup,2.21428571429,7.07142857143,8.71428571429,8872.64285714,0.357142857143
Varus,top,6.92307692308,6.0,7.76923076923,12813.6153846,0.538461538462
Vayne,adc,6.31284302964,5.80424442005,5.75393340651,12018.9130992,0.50054884742
Vayne,jg,5.21818181818,5.16363636364,3.61818181818,8716.23636364,0.363636363636
Vayne,mid,3.29677419355,4.16129032258,3.18064516129,6830.68064516,0.451612903226
Vayne,top,5.54455445545,6.85148514851,4.75247524752,11604.3267327,0.455445544554
Veigar,adc,6.69230769231,5.46153846154,5.84615384615,11516.6346154,0.346153846154
Veigar,jg,5.70175438596,5.15789473684,5.28070175439,9682.24561404,0.368421052632
Veigar,mid,6.468892261,5.12746585736,5.81790591806,11520.7177542,0.477996965099
Veigar,sup,4.0442804428,6.13653136531,8.76383763838,9705.79704797,0.483394833948
Veigar,top,5.54901960784,5.6862745098,5.94117647059,11637.254902,0.490196078431
Vel'Koz,adc,5.84444444444,5.13333333333,7.57777777778,11810.1555556,0.577777777778
Vel'Koz,jg,4.95744680851,4.68085106383,5.85106382979,9257.94680851,0.404255319149
Vel'Koz,mid,5.89637002342,4.88348946136,6.95667447307,11322.323185,0.485948477752
Vel'Koz,sup,4.08068234209,6.11111111111,9.78699861687,10248.6823421,0.485938220378
Vel'Koz,top,7.46666666667,7.24444444444,7.06666666667,13067.8888889,0.444444444444
Vi,jg,5.96327121404,5.53935227067,7.0673059526,11320.9305229,0.483444906821
Vi,mid,2.0,2.8,2.36,4614.8,0.28
Vi,sup,5.47368421053,5.76315789474,6.44736842105,10591.2631579,0.368421052632
Vi,top,4.0,3.07692307692,3.69230769231,8520.69230769,0.538461538462
Viktor,adc,5.58620689655,5.68965517241,6.66666666667,12023.4942529,0.494252873563
Viktor,jg,5.95061728395,4.76543209877,6.28395061728,10506.9382716,0.506172839506
Viktor,mid,5.93413379074,5.09588336192,5.87804459691,11874.7753002,0.466037735849
Viktor,top,6.16,6.36,5.84,12209.44,0.6
Vladimir,adc,5.14814814815,5.51851851852,4.77777777778,10611.8888889,0.481481481481
Vladimir,jg,6.02777777778,4.29166666667,5.45833333333,10546.2916667,0.597222222222
Vladimir,mid,5.83941176471,5.15088235294,5.87941176471,11263.6520588,0.478235294118
Vladimir,sup,12.0,5.0,9.0,12794.0,1.0
Vladimir,top,4.75885455916,5.3707611153,5.79351921628,11254.0241145,0.486058779201
Volibear,adc,3.5,3.0,8.0,10133.0,1.0
Volibear,jg,5.53559322034,4.30677966102,7.84915254237,10693.5728814,0.513559322034
Volibear,mid,4.0,4.55555555556,9.22222222222,9768.44444444,0.333333333333
Volibear,sup,3.57692307692,5.46153846154,9.61538461538,9788.57692308,0.538461538462
Volibear,top,4.59375,5.59375,6.890625,11352.984375,0.375
Warwick,adc,2.0,2.0,2.0,6609.0,0.0
Warwick,jg,6.60026007802,5.92093628088,7.47048114434,11190.7089727,0.485045513654
Warwick,mid,4.97727272727,6.22727272727,4.97727272727,8245.25,0.454545454545
Warwick,sup,5.69841269841,6.47619047619,8.20634920635,10365.3650794,0.365079365079
Warwick,top,6.24775707384,6.2353347136,5.78467908903,11098.868185,0.485852311939
Wukong,adc,7.25,8.5,7.25,12728.5,0.25
Wukong,jg,6.86454183267,5.85557768924,6.30876494024,11318.311753,0.455179282869
Wukong,mid,7.2875,5.975,5.38125,11110.79375,0.5
Wukong,sup,5.625,6.53125,9.28125,11391.4375,0.53125
Wukong,top,6.22928490352,5.57094211124,5.60272417707,11541.906924,0.514188422247
Xerath,adc,6.40909090909,5.0,8.90909090909,11769.2272727,0.5
Xerath,jg,7.32876712329,4.93150684932,8.49315068493,11675.6986301,0.438356164384
Xerath,mid,6.29164985881,4.64501815248,8.02057281162,11919.1258572,0.493344090359
Xerath,sup,4.0248447205,6.39130434783,10.7950310559,10606.2049689,0.459627329193
Xerath,top,5.8,5.2,5.8,10538.8,0.6
Xin Zhao,adc,3.25,8.0,5.5,9394.25,0.75
Xin Zhao,jg,6.05952380952,5.62087912088,6.15659340659,11297.0512821,0.498168498168
Xin Zhao,mid,5.11363636364,6.04545454545,4.54545454545,10207.2954545,0.409090909091
Xin Zhao,sup,4.76666666667,6.7,6.76666666667,10035.7,0.4
Xin Zhao,top,5.62626262626,6.4898989899,4.62626262626,11470.2020202,0.515151515152
Yasuo,adc,6.46575342466,6.10410958904,6.42191780822,12201.7315068,0.564383561644
Yasuo,jg,5.88461538462,6.12426035503,5.37278106509,11072.9704142,0.455621301775
Yasuo,mid,6.0007183908,6.23611111111,5.42959770115,11584.7052203,0.500478927203
Yasuo,sup,3.0,7.30555555556,9.30555555556,9794.44444444,0.444444444444
Yasuo,top,5.40480192077,6.34165666267,4.98271308523,11843.3983193,0.494837935174
Yorick,adc,5.0,5.0,9.0,11600.0,1.0
Yorick,jg,6.63157894737,4.52631578947,5.10526315789,12000.2105263,0.473684210526
Yorick,mid,4.75,5.33333333333,6.91666666667,10787.5833333,0.333333333333
Yorick,sup,0.0,7.0,4.75,6379.75,0.25
Yorick,top,4.32167832168,5.25,4.75524475524,11396.243007,0.47027972028
Zac,jg,4.86185410334,3.97568389058,10.4551671733,10864.9753799,0.490577507599
Zac,mid,2.98,3.08,7.16,7474.84,0.48
Zac,sup,3.87878787879,4.90909090909,9.80303030303,10061.1969697,0.363636363636
Zac,top,3.6652173913,4.58695652174,8.06086956522,10467.0086957,0.417391304348
Zed,adc,8.5046728972,6.1308411215,5.35514018692,12349.7850467,0.485981308411
Zed,jg,7.6170212766,5.60106382979,5.16489361702,11249.5531915,0.473404255319
Zed,mid,7.97819051639,5.670465738,5.05740818911,12090.971718,0.497537638948
Zed,sup,5.66666666667,7.55555555556,9.66666666667,12028.2222222,0.333333333333
Zed,top,7.23244552058,5.7215496368,4.82808716707,12412.1840194,0.542372881356
Ziggs,adc,5.56176634992,5.23029625489,8.06987143656,12291.8770263,0.547233091112
Ziggs,jg,5.55952380952,4.99404761905,6.15476190476,10510.0,0.529761904762
Ziggs,mid,5.43833017078,5.06261859583,6.99240986717,11841.9753321,0.487666034156
Ziggs,sup,3.45,7.35,9.175,10485.35,0.45
Ziggs,top,5.75,7.25,7.625,12670.25,0.625
Zilean,adc,4.11111111111,5.11111111111,9.11111111111,10860.5555556,0.222222222222
Zilean,jg,2.95833333333,4.19444444444,7.40277777778,8454.77777778,0.416666666667
Zilean,mid,3.55677290837,3.82270916335,9.21812749004,10374.2151394,0.51593625498
Zilean,sup,2.09412404788,4.54134929271,12.8008705114,9312.01849837,0.503808487486
Zilean,top,2.87804878049,4.14634146341,7.87804878049,9968.65853659,0.560975609756
Zyra,adc,3.85714285714,4.57142857143,4.42857142857,10201.0,0.285714285714
Zyra,jg,3.05555555556,4.43055555556,5.75,7225.58333333,0.458333333333
Zyra,mid,3.10626185958,3.89373814042,5.43074003795,7611.24857685,0.476280834915
Zyra,sup,2.91903656413,6.14756239118,10.4981137551,9979.39016251,0.484474753337
Zyra,top,3.33333333333,3.88888888889,4.33333333333,8710.66666667,0.444444444444
